merged_id,weather_id,datetime,temp,tempmax,tempmin,precip,humidity,windspeed,date,daily_ridership
1,1,2024-10-01,65.3,69.6,56.5,0.0,54.9,18.1,2024-10-01,1133213
2,2,2024-10-02,60.8,71.3,49.4,0.0,43.1,11.3,2024-10-02,1115719
3,3,2024-10-03,64.2,77.8,53.7,0.0,52.4,11.0,2024-10-03,1124910
4,4,2024-10-04,65.1,71.2,61.5,0.039,63.3,16.8,2024-10-04,1029042
5,5,2024-10-05,71.2,85.5,59.5,0.0,55.0,19.1,2024-10-05,749729
6,6,2024-10-06,69.2,76.2,58.6,0.0,42.7,20.4,2024-10-06,584676
7,7,2024-10-07,58.0,67.5,49.9,0.0,41.7,11.6,2024-10-07,1029363
8,8,2024-10-08,60.8,73.8,49.2,0.0,47.5,11.7,2024-10-08,1112630
9,9,2024-10-09,60.4,68.6,52.8,0.0,60.9,13.4,2024-10-09,1128878
10,10,2024-10-10,62.2,71.4,54.3,0.0,53.8,9.0,2024-10-10,1135499
11,11,2024-10-11,68.0,83.1,53.8,0.0,46.2,15.5,2024-10-11,1081054
12,12,2024-10-12,64.3,70.6,60.8,0.0,64.9,20.3,2024-10-12,797609
13,13,2024-10-13,59.7,66.2,51.6,0.0,62.3,23.5,2024-10-13,747736
14,14,2024-10-14,50.9,57.4,45.3,0.04,61.6,21.1,2024-10-14,871313
15,15,2024-10-15,45.0,47.8,42.5,0.354,74.1,20.5,2024-10-15,1026934
16,16,2024-10-16,47.2,57.8,37.6,0.0,55.4,12.4,2024-10-16,1115085
17,17,2024-10-17,50.9,64.7,37.7,0.0,47.2,11.9,2024-10-17,1116172
18,18,2024-10-18,56.0,68.8,43.8,0.0,42.7,12.9,2024-10-18,1040830
19,19,2024-10-19,58.3,71.6,45.9,0.0,49.0,11.0,2024-10-19,780096
20,20,2024-10-20,63.9,78.3,50.9,0.0,41.8,13.4,2024-10-20,560631
21,21,2024-10-21,67.4,81.7,54.5,0.0,38.8,12.6,2024-10-21,1023334
22,22,2024-10-22,65.4,73.6,54.4,0.002,43.6,16.6,2024-10-22,1094260
23,23,2024-10-23,59.5,65.4,48.8,0.0,52.2,15.7,2024-10-23,1115160
24,24,2024-10-24,53.5,64.1,41.3,0.0,52.4,13.3,2024-10-24,1119817
25,25,2024-10-25,56.3,67.0,49.6,0.731,67.7,13.6,2024-10-25,1020490
26,26,2024-10-26,49.8,57.5,44.3,0.0,51.1,12.4,2024-10-26,723801
27,27,2024-10-27,49.2,58.9,38.7,0.0,54.0,7.8,2024-10-27,528559
28,28,2024-10-28,56.2,66.7,44.3,0.0,46.7,15.2,2024-10-28,1000400
29,29,2024-10-29,74.0,82.7,66.5,0.0,53.1,23.9,2024-10-29,1097380
30,30,2024-10-30,73.6,80.3,68.9,0.0,55.0,24.6,2024-10-30,1109857
31,31,2024-10-31,60.9,72.4,45.7,0.025,65.3,24.5,2024-10-31,1030888
32,32,2024-11-01,45.7,53.5,39.6,0.0,61.3,18.8,2024-11-01,1000780
33,33,2024-11-02,48.1,57.6,39.7,0.0,64.6,10.5,2024-11-02,691836
34,34,2024-11-03,57.0,64.6,51.0,0.027,57.0,16.9,2024-11-03,495732
35,35,2024-11-04,65.9,68.9,63.9,0.35,84.7,18.8,2024-11-04,936732
36,36,2024-11-05,64.8,67.5,61.8,1.099,87.9,20.7,2024-11-05,898684
37,37,2024-11-06,53.2,60.9,50.4,0.0,75.6,10.5,2024-11-06,1059964
38,38,2024-11-07,51.5,59.9,44.6,0.0,60.5,9.2,2024-11-07,1095186
39,39,2024-11-08,52.6,63.0,44.1,0.0,61.1,12.1,2024-11-08,998099
40,40,2024-11-09,51.8,55.1,47.5,0.117,68.4,11.2,2024-11-09,679925
41,41,2024-11-10,54.6,62.7,49.6,0.121,78.1,22.0,2024-11-10,539309
42,42,2024-11-11,51.8,58.2,45.1,0.0,61.8,19.2,2024-11-11,914845
43,43,2024-11-12,46.4,49.5,43.0,0.0,64.9,15.7,2024-11-12,1078087
44,44,2024-11-13,46.7,52.4,40.4,0.321,69.1,15.4,2024-11-13,1068009
45,45,2024-11-14,51.6,53.9,48.6,0.172,87.8,14.1,2024-11-14,1060012
46,46,2024-11-15,49.8,53.6,46.1,0.0,73.5,7.2,2024-11-15,1000181
47,47,2024-11-16,48.8,52.1,43.6,0.0,70.1,14.0,2024-11-16,715925
48,48,2024-11-17,52.8,59.6,46.6,0.01,77.6,12.3,2024-11-17,542728
49,49,2024-11-18,55.4,60.5,50.5,0.364,89.7,18.8,2024-11-18,948150
50,50,2024-11-19,58.9,63.7,48.2,0.105,71.9,20.5,2024-11-19,1078952
51,51,2024-11-20,42.5,49.3,33.8,0.023,64.2,25.1,2024-11-20,1054456
52,52,2024-11-21,34.4,39.5,30.5,0.147,80.4,22.7,2024-11-21,954470
53,53,2024-11-22,43.6,47.6,36.6,0.0,76.2,16.8,2024-11-22,1015409
54,54,2024-11-23,41.0,43.5,38.7,0.0,76.2,10.6,2024-11-23,724965
55,55,2024-11-24,45.2,52.3,37.8,0.0,75.7,10.9,2024-11-24,523539
56,56,2024-11-25,48.4,52.9,38.6,0.0,74.6,16.8,2024-11-25,857014
57,57,2024-11-26,34.0,39.5,26.6,0.0,56.9,17.5,2024-11-26,875296
58,58,2024-11-27,39.3,43.3,36.4,0.0,60.5,15.9,2024-11-27,786166
59,59,2024-11-28,30.4,38.1,27.9,0.0,65.5,16.1,2024-11-28,323373
60,60,2024-11-29,23.9,28.7,19.8,0.0,55.5,17.5,2024-11-29,568640
61,61,2024-11-30,19.9,25.9,14.8,0.0,58.0,15.9,2024-11-30,526429
62,62,2024-12-01,20.4,27.4,14.8,0.0,56.1,12.8,2024-12-01,426319
63,63,2024-12-02,20.4,26.2,14.7,0.0,70.6,11.0,2024-12-02,903267
64,64,2024-12-03,23.9,31.6,18.4,0.0,70.6,18.7,2024-12-03,1013641
65,65,2024-12-04,30.7,39.6,19.7,0.0,63.0,32.5,2024-12-04,1011615
66,66,2024-12-05,20.6,28.9,12.5,0.0,52.4,23.3,2024-12-05,966057
67,67,2024-12-06,24.2,31.9,15.2,0.0,53.5,16.7,2024-12-06,930979
68,68,2024-12-07,37.6,50.5,25.2,0.0,48.8,19.3,2024-12-07,671260
69,69,2024-12-08,48.0,55.6,40.4,0.0,61.3,13.7,2024-12-08,526452
70,70,2024-12-09,49.2,54.2,44.4,0.0,62.1,16.1,2024-12-09,949811
71,71,2024-12-10,34.4,44.0,30.5,0.0,64.1,14.9,2024-12-10,1004093
72,72,2024-12-11,26.7,32.8,14.4,0.0,57.4,21.1,2024-12-11,978107
73,73,2024-12-12,11.2,15.8,4.6,0.0,46.3,19.8,2024-12-12,832311
74,74,2024-12-13,19.2,27.7,8.2,0.0,57.5,11.9,2024-12-13,882539
75,75,2024-12-14,33.6,40.1,25.8,0.182,64.7,16.3,2024-12-14,610753
76,76,2024-12-15,43.0,45.7,39.3,0.074,91.6,11.1,2024-12-15,475192
77,77,2024-12-16,45.5,52.6,38.1,0.019,87.4,20.4,2024-12-16,893964
78,78,2024-12-17,36.4,39.2,34.2,0.0,74.4,15.5,2024-12-17,974018
79,79,2024-12-18,32.4,36.1,26.6,0.0,69.5,14.7,2024-12-18,960168
80,80,2024-12-19,30.1,33.8,26.4,0.042,67.2,14.5,2024-12-19,926319
81,81,2024-12-20,31.8,34.7,24.5,0.039,75.9,21.2,2024-12-20,836241
82,82,2024-12-21,21.7,26.3,16.6,0.0,62.3,10.5,2024-12-21,581427
83,83,2024-12-22,26.9,33.8,17.0,0.0,68.9,17.4,2024-12-22,459705
84,84,2024-12-23,37.1,41.0,32.9,0.0,67.2,16.8,2024-12-23,693736
85,85,2024-12-24,36.2,38.5,34.0,0.0,71.3,13.8,2024-12-24,522712
86,86,2024-12-25,36.7,38.9,34.3,0.0,77.2,10.1,2024-12-25,232879
87,87,2024-12-26,44.8,48.5,38.7,0.022,89.3,10.8,2024-12-26,592056
88,88,2024-12-27,49.1,52.7,46.7,0.21,86.3,13.3,2024-12-27,640164
89,89,2024-12-28,49.5,52.5,45.9,0.01,79.5,19.6,2024-12-28,571490
90,90,2024-12-29,43.6,47.5,37.5,0.526,87.6,14.9,2024-12-29,389660
91,91,2024-12-30,37.9,41.5,33.4,0.0,83.6,11.8,2024-12-30,733119
92,92,2024-12-31,39.0,42.1,35.5,0.498,82.8,21.9,2024-12-31,667653
93,93,2025-01-01,30.2,35.5,24.9,0.029,63.5,17.9,2025-01-01,415998
94,94,2025-01-02,28.3,32.7,24.9,0.001,60.8,12.8,2025-01-02,701885
95,95,2025-01-03,23.9,26.5,19.8,0.0,57.5,18.2,2025-01-03,715025
96,96,2025-01-04,19.2,24.9,13.6,0.0,46.8,12.1,2025-01-04,524768
97,97,2025-01-05,20.8,27.3,16.8,0.006,52.8,14.7,2025-01-05,392464
98,98,2025-01-06,27.4,31.3,22.6,0.003,76.8,20.4,2025-01-06,798143
99,99,2025-01-07,22.1,26.7,16.7,0.0,63.3,13.1,2025-01-07,910360
100,100,2025-01-08,20.9,26.5,14.8,0.0,57.4,11.0,2025-01-08,917973
101,101,2025-01-09,21.2,28.3,14.8,0.0,58.5,13.8,2025-01-09,919111
102,102,2025-01-10,26.8,29.9,20.9,0.063,79.8,13.4,2025-01-10,806740
103,103,2025-01-11,29.5,32.7,26.8,0.0,71.4,12.5,2025-01-11,567740
104,104,2025-01-12,30.3,35.5,22.8,0.024,74.1,21.7,2025-01-12,410932
105,105,2025-01-13,15.5,20.6,9.9,0.0,59.7,18.5,2025-01-13,863414
106,106,2025-01-14,14.3,16.8,10.7,0.002,61.9,18.2,2025-01-14,917760
107,107,2025-01-15,12.9,19.7,5.1,0.0,62.9,17.4,2025-01-15,928768
108,108,2025-01-16,30.5,38.6,18.9,0.002,65.7,16.4,2025-01-16,975083
109,109,2025-01-17,36.9,46.4,26.8,0.0,65.0,23.7,2025-01-17,917372
110,110,2025-01-18,30.5,41.6,19.3,0.0,49.3,20.9,2025-01-18,588825
111,111,2025-01-19,8.8,17.0,2.7,0.0,43.4,16.7,2025-01-19,366249
112,112,2025-01-20,5.2,12.2,-0.5,0.0,47.3,18.5,2025-01-20,420728
113,113,2025-01-21,-1.3,1.9,-6.4,0.0,47.6,16.7,2025-01-21,503796
114,114,2025-01-22,14.9,25.0,-0.1,0.004,57.7,20.0,2025-01-22,850675
115,115,2025-01-23,19.6,25.6,10.6,0.001,65.8,15.6,2025-01-23,941690
116,116,2025-01-24,14.2,22.8,3.5,0.0,60.7,15.4,2025-01-24,834569
117,117,2025-01-25,31.0,42.6,22.7,0.0,53.5,23.9,2025-01-25,582714
118,118,2025-01-26,25.1,31.8,19.5,0.0,51.1,13.9,2025-01-26,430912
119,119,2025-01-27,31.9,44.0,18.2,0.0,42.4,24.4,2025-01-27,904492
120,120,2025-01-28,39.5,48.0,28.8,0.0,48.7,22.4,2025-01-28,999458
121,121,2025-01-29,41.4,47.7,36.7,0.0,47.3,17.5,2025-01-29,1000549
122,122,2025-01-30,39.4,49.2,29.2,0.265,67.2,16.6,2025-01-30,992724
123,123,2025-01-31,38.5,40.8,34.8,0.809,85.5,22.7,2025-01-31,813537
124,124,2025-02-01,32.2,34.7,30.4,0.0,63.8,16.9,2025-02-01,607443
125,125,2025-02-02,38.9,44.3,31.8,0.0,75.8,15.1,2025-02-02,448893
126,126,2025-02-03,40.3,46.3,34.6,0.0,84.5,18.2,2025-02-03,905960
127,127,2025-02-04,27.8,33.9,24.3,0.0,64.6,18.1,2025-02-04,999402
128,128,2025-02-05,28.8,31.8,26.7,0.008,65.2,15.6,2025-02-05,980712
129,129,2025-02-06,33.2,38.3,29.8,0.003,71.1,21.8,2025-02-06,946313
130,130,2025-02-07,26.5,32.7,20.5,0.0,40.0,16.1,2025-02-07,903230
131,131,2025-02-08,31.1,33.2,28.5,0.002,63.9,13.3,2025-02-08,580036
132,132,2025-02-09,27.9,32.1,23.9,0.0,58.2,14.8,2025-02-09,462357
133,133,2025-02-10,26.4,34.9,18.6,0.0,45.7,8.4,2025-02-10,906682
134,134,2025-02-11,26.1,29.0,24.3,0.0,65.6,16.2,2025-02-11,996838
135,135,2025-02-12,26.8,28.8,24.3,0.073,76.6,17.3,2025-02-12,819858
136,136,2025-02-13,17.9,26.8,8.3,0.0,64.4,19.3,2025-02-13,938712
137,137,2025-02-14,16.4,26.0,5.5,0.055,60.6,13.9,2025-02-14,857281
138,138,2025-02-15,31.5,34.6,27.7,0.003,74.2,21.7,2025-02-15,589172
139,139,2025-02-16,24.9,28.6,12.5,0.0,66.0,21.5,2025-02-16,453318
140,140,2025-02-17,6.8,10.6,3.2,0.0,51.8,17.0,2025-02-17,608111
141,141,2025-02-18,5.9,15.5,-2.7,0.0,45.8,12.7,2025-02-18,819457
142,142,2025-02-19,11.0,18.6,6.3,0.0,49.2,12.4,2025-02-19,915116
143,143,2025-02-20,15.4,24.9,5.1,0.0,57.1,14.5,2025-02-20,954984
144,144,2025-02-21,20.2,28.7,11.7,0.0,63.1,12.4,2025-02-21,882547
145,145,2025-02-22,26.4,34.6,15.9,0.0,53.6,18.6,2025-02-22,605162
146,146,2025-02-23,35.2,46.2,25.0,0.0,59.1,15.4,2025-02-23,455531
147,147,2025-02-24,46.5,54.8,38.1,0.0,60.7,18.8,2025-02-24,932151
148,148,2025-02-25,46.3,55.5,38.2,0.004,65.4,13.1,2025-02-25,971693
149,149,2025-02-26,42.9,49.7,37.4,0.045,72.2,13.8,2025-02-26,1007012
150,150,2025-02-27,42.2,49.6,36.8,0.012,68.3,20.7,2025-02-27,1015859
151,151,2025-02-28,45.6,58.6,35.0,0.0,51.1,28.7,2025-02-28,943103
152,152,2025-03-01,28.2,35.5,23.6,0.0,42.7,25.0,2025-03-01,621004
153,153,2025-03-02,28.2,37.6,18.8,0.0,47.1,8.9,2025-03-02,471677
154,154,2025-03-03,40.0,47.2,32.6,0.0,42.4,16.1,2025-03-03,923600
155,155,2025-03-04,46.6,47.8,43.9,0.669,74.1,18.7,2025-03-04,970440
156,156,2025-03-05,43.3,51.7,31.6,0.231,80.1,24.1,2025-03-05,1001832
157,157,2025-03-06,34.6,41.9,28.8,0.0,53.6,21.0,2025-03-06,1024625
158,158,2025-03-07,36.2,39.0,34.1,0.104,75.9,7.7,2025-03-07,891105
159,159,2025-03-08,39.7,50.7,29.9,0.0,62.5,21.3,2025-03-08,657020
160,160,2025-03-09,47.1,58.7,34.8,0.0,51.2,17.3,2025-03-09,494977
161,161,2025-03-10,55.6,68.9,40.5,0.0,40.7,17.4,2025-03-10,965340
162,162,2025-03-11,46.8,59.5,37.6,0.0,49.8,28.0,2025-03-11,1044893
163,163,2025-03-12,43.7,50.8,38.6,0.0,40.6,11.0,2025-03-12,1055231
164,164,2025-03-13,47.0,59.7,35.3,0.0,51.5,12.9,2025-03-13,1066651
165,165,2025-03-14,64.9,79.6,49.4,0.0,47.7,24.6,2025-03-14,1026472
166,166,2025-03-15,58.8,71.9,44.7,0.509,62.7,28.7,2025-03-15,988230
167,167,2025-03-16,35.6,43.6,30.1,0.156,75.8,14.5,2025-03-16,486226
168,168,2025-03-17,40.6,53.8,27.7,0.0,56.2,23.9,2025-03-17,980663
169,169,2025-03-18,56.7,72.7,46.1,0.0,49.6,19.6,2025-03-18,1064826
170,170,2025-03-19,43.6,48.4,37.9,0.599,79.3,24.8,2025-03-19,996252
171,171,2025-03-20,37.0,44.0,31.8,0.173,66.6,24.6,2025-03-20,1008697
172,172,2025-03-21,45.9,59.9,31.8,0.0,49.4,31.0,2025-03-21,952572
173,173,2025-03-22,41.0,51.7,34.8,0.0,55.8,18.2,2025-03-22,662138
174,174,2025-03-23,42.3,49.3,35.7,0.207,63.8,26.5,2025-03-23,482605
175,175,2025-03-24,41.5,49.8,34.8,0.0,49.7,24.7,2025-03-24,812423
176,176,2025-03-25,40.2,49.8,33.0,0.0,57.9,15.4,2025-03-25,909204
177,177,2025-03-26,41.0,52.2,32.8,0.0,58.7,9.2,2025-03-26,918817
178,178,2025-03-27,49.4,54.9,43.8,0.0,55.6,14.7,2025-03-27,899353
179,179,2025-03-28,63.9,78.7,49.6,0.316,56.0,27.7,2025-03-28,852422
180,180,2025-03-29,63.1,69.7,48.3,0.04,69.9,22.5,2025-03-29,652619
181,181,2025-03-30,59.4,76.4,45.9,0.186,76.9,24.1,2025-03-30,474434
182,182,2025-03-31,40.1,46.4,36.5,0.002,65.9,20.0,2025-03-31,877253
183,183,2025-04-01,40.1,46.5,34.8,0.0,53.9,21.3,2025-04-01,1008757
184,184,2025-04-02,52.2,70.6,41.7,1.243,78.9,23.0,2025-04-02,900804
185,185,2025-04-03,50.0,59.9,44.5,0.0,59.9,20.8,2025-04-03,1098881
186,186,2025-04-04,45.2,48.3,41.3,0.083,67.3,17.1,2025-04-04,1003373
187,187,2025-04-05,46.6,53.8,41.6,0.197,71.8,14.5,2025-04-05,741127
188,188,2025-04-06,43.0,47.6,38.0,0.0,43.2,14.9,2025-04-06,549200
189,189,2025-04-07,38.7,45.4,33.3,0.0,54.7,25.9,2025-04-07,953778
190,190,2025-04-08,34.8,42.2,26.7,0.0,46.8,12.2,2025-04-08,1043729
191,191,2025-04-09,39.2,42.9,35.0,0.039,60.6,14.7,2025-04-09,1037071
192,192,2025-04-10,41.1,43.5,39.4,0.0,78.1,13.6,2025-04-10,1047356
193,193,2025-04-11,44.9,51.9,37.1,0.0,55.5,16.1,2025-04-11,996381
194,194,2025-04-12,49.9,61.0,36.7,0.0,44.6,15.1,2025-04-12,713322
195,195,2025-04-13,58.2,64.8,52.8,0.0,38.7,20.3,2025-04-13,549506
196,196,2025-04-14,60.1,65.3,53.5,0.0,41.8,25.3,2025-04-14,983991
197,197,2025-04-15,48.7,55.6,40.8,0.01,52.3,24.3,2025-04-15,1060157
198,198,2025-04-16,42.9,49.0,36.8,0.0,57.7,13.3,2025-04-16,1086584
199,199,2025-04-17,53.7,65.3,41.4,0.06,51.1,21.8,2025-04-17,1057022
200,200,2025-04-18,69.6,76.7,59.9,0.02,56.0,21.4,2025-04-18,909950
201,201,2025-04-19,52.7,64.9,44.8,0.208,79.7,18.0,2025-04-19,689477
202,202,2025-04-20,53.5,61.7,48.3,0.118,66.3,18.0,2025-04-20,469762
203,203,2025-04-21,54.8,63.2,49.6,0.18,68.7,28.2,2025-04-21,925527
204,204,2025-04-22,58.9,73.8,42.7,0.0,58.2,20.0,2025-04-22,1085891
205,205,2025-04-23,65.6,76.7,56.7,0.255,60.7,14.7,2025-04-23,1069268
206,206,2025-04-24,61.8,76.1,52.6,0.0,57.6,14.5,2025-04-24,1101813
207,207,2025-04-25,51.9,59.9,47.9,0.217,69.2,20.5,2025-04-25,981209
208,208,2025-04-26,48.8,53.7,45.4,0.043,60.3,20.6,2025-04-26,745934
209,209,2025-04-27,54.6,69.8,39.6,0.0,53.7,14.4,2025-04-27,575806
210,210,2025-04-28,69.5,84.6,55.1,0.0,47.4,24.5,2025-04-28,997932
211,211,2025-04-29,68.7,78.0,52.7,0.0,53.2,26.7,2025-04-29,1077993
212,212,2025-04-30,54.3,60.1,47.0,0.009,62.7,14.2,2025-04-30,1067693
213,213,2025-05-01,60.5,70.2,52.5,0.291,78.6,23.6,2025-05-01,1052036
214,214,2025-05-02,52.3,60.1,46.8,0.01,73.8,11.7,2025-05-02,994975
215,215,2025-05-03,49.6,53.2,45.9,0.0,66.3,19.7,2025-05-03,710841
216,216,2025-05-04,49.7,56.7,46.6,0.099,67.0,19.2,2025-05-04,510182
217,217,2025-05-05,52.9,60.5,47.3,0.041,78.2,19.1,2025-05-05,989428
218,218,2025-05-06,61.8,76.6,46.3,0.0,61.4,15.9,2025-05-06,1104708
219,219,2025-05-07,59.2,71.9,49.0,0.0,60.5,18.3,2025-05-07,1096004
220,220,2025-05-08,51.8,58.5,45.6,0.0,58.6,22.8,2025-05-08,1070630
221,221,2025-05-09,53.5,64.5,39.6,0.0,43.0,10.0,2025-05-09,1001895
222,222,2025-05-10,56.8,73.0,49.5,0.0,37.8,23.9,2025-05-10,716323
223,223,2025-05-11,58.5,71.5,45.5,0.0,50.6,11.1,2025-05-11,532775
224,224,2025-05-12,65.4,79.1,52.7,0.009,50.9,11.4,2025-05-12,963449
225,225,2025-05-13,68.8,77.8,61.9,0.001,71.3,13.6,2025-05-13,1069686
226,226,2025-05-14,67.6,78.3,60.7,0.0,71.9,13.2,2025-05-14,1088750
227,227,2025-05-15,77.2,94.6,61.6,0.077,59.8,26.5,2025-05-15,1061430
228,228,2025-05-16,76.4,87.6,65.2,0.0,37.6,32.6,2025-05-16,1028513
229,229,2025-05-17,62.7,70.2,54.9,0.0,48.7,23.2,2025-05-17,757857
230,230,2025-05-18,56.0,62.0,48.2,0.0,63.2,12.6,2025-05-18,620063
231,231,2025-05-19,49.7,56.4,45.4,0.0,69.9,16.4,2025-05-19,963658
232,232,2025-05-20,54.7,57.3,49.7,0.536,81.8,24.3,2025-05-20,958592
233,233,2025-05-21,51.3,53.5,49.6,0.067,88.7,12.4,2025-05-21,1024681
234,234,2025-05-22,51.9,55.7,48.6,0.0,69.6,13.3,2025-05-22,1056383
235,235,2025-05-23,52.4,61.7,44.6,0.0,62.8,13.5,2025-05-23,982241
236,236,2025-05-24,55.8,64.0,47.1,0.0,58.8,13.3,2025-05-24,753569
237,237,2025-05-25,57.7,65.9,52.8,0.044,56.9,12.8,2025-05-25,604866
238,238,2025-05-26,57.5,66.4,47.2,0.0,56.6,16.4,2025-05-26,562574
239,239,2025-05-27,60.9,66.7,54.6,0.0,55.4,13.2,2025-05-27,1016593
240,240,2025-05-28,58.6,62.5,55.8,0.397,74.2,10.9,2025-05-28,1021279
241,241,2025-05-29,62.5,70.8,53.8,0.0,66.4,10.4,2025-05-29,1056014
242,242,2025-05-30,66.2,73.6,54.7,0.0,55.3,16.1,2025-05-30,1007208
243,243,2025-05-31,58.3,64.8,52.7,0.0,48.6,14.4,2025-05-31,755816
244,244,2025-06-01,58.1,65.7,48.3,0.0,42.0,11.6,2025-06-01,591274
245,245,2025-06-02,69.6,84.6,50.9,0.0,33.9,13.2,2025-06-02,982342
246,246,2025-06-03,78.9,88.6,69.7,0.025,47.0,27.7,2025-06-03,1078623
247,247,2025-06-04,64.7,75.8,58.8,0.759,82.2,15.2,2025-06-04,990090
248,248,2025-06-05,64.3,71.2,55.5,0.0,69.3,17.6,2025-06-05,1077836
249,249,2025-06-06,68.4,76.9,60.8,0.0,47.6,13.3,2025-06-06,1013753
250,250,2025-06-07,67.7,76.6,58.0,0.0,55.8,13.4,2025-06-07,778878
251,251,2025-06-08,68.4,81.2,60.9,0.537,69.1,18.5,2025-06-08,596635
252,252,2025-06-09,64.6,72.9,56.6,0.0,60.6,19.4,2025-06-09,957496
253,253,2025-06-10,67.7,78.8,56.1,0.0,53.4,17.6,2025-06-10,1058420
254,254,2025-06-11,78.3,91.4,64.9,0.0,48.3,18.6,2025-06-11,1073559
255,255,2025-06-12,73.3,80.7,64.5,0.0,57.1,13.1,2025-06-12,1081632
256,256,2025-06-13,67.2,71.2,63.4,0.05,76.5,11.0,2025-06-13,949095
257,257,2025-06-14,66.6,74.8,62.3,0.0,73.2,13.8,2025-06-14,846481
258,258,2025-06-15,70.2,80.7,59.5,0.0,60.8,13.9,2025-06-15,602284
259,259,2025-06-16,75.0,85.3,63.7,0.0,56.3,12.4,2025-06-16,906331
260,260,2025-06-17,82.3,91.6,72.6,0.0,59.2,17.5,2025-06-17,1034394
261,261,2025-06-18,72.9,81.7,67.8,1.63,83.7,13.0,2025-06-18,935123
262,262,2025-06-19,74.7,83.0,66.0,0.518,67.3,14.6,2025-06-19,883521
263,263,2025-06-20,77.6,85.8,70.6,0.0,60.8,18.3,2025-06-20,965855
264,264,2025-06-21,86.2,94.8,77.3,0.0,60.9,28.5,2025-06-21,768271
265,265,2025-06-22,87.5,94.8,80.0,0.0,61.3,22.6,2025-06-22,580626
266,266,2025-06-23,87.6,94.7,79.2,0.0,57.5,19.6,2025-06-23,874951
267,267,2025-06-24,84.3,93.3,75.8,0.037,60.6,15.6,2025-06-24,974655
268,268,2025-06-25,77.8,87.4,71.8,0.426,78.1,11.0,2025-06-25,1015822
269,269,2025-06-26,85.9,94.7,77.7,0.002,62.4,13.3,2025-06-26,1032601
270,270,2025-06-27,83.3,88.6,77.4,0.001,61.2,18.0,2025-06-27,959779
271,271,2025-06-28,77.3,85.2,70.4,0.0,63.9,10.8,2025-06-28,764926
272,272,2025-06-29,83.2,91.8,75.0,0.048,61.6,15.3,2025-06-29,639360
273,273,2025-06-30,82.5,90.9,74.7,0.0,61.4,14.8,2025-06-30,911202
274,274,2025-07-01,79.9,87.8,71.7,0.0,53.1,12.3,2025-07-01,1053386
275,275,2025-07-02,81.8,90.1,70.9,0.0,48.4,13.7,2025-07-02,1017215
276,276,2025-07-03,83.1,90.9,72.9,0.0,51.9,11.8,2025-07-03,978728
277,277,2025-07-04,82.6,91.7,75.5,0.089,58.8,13.9,2025-07-04,593687
278,278,2025-07-05,86.1,93.6,76.8,0.0,50.3,19.9,2025-07-05,704274
279,279,2025-07-06,78.4,85.2,70.3,0.522,71.0,15.4,2025-07-06,558860
280,280,2025-07-07,73.3,81.9,66.6,0.0,63.6,14.2,2025-07-07,931750
281,281,2025-07-08,76.4,83.4,70.0,0.06,64.7,11.8,2025-07-08,1001024
282,282,2025-07-09,74.3,82.6,70.7,0.002,78.3,12.3,2025-07-09,1016955
283,283,2025-07-10,75.6,83.1,69.3,0.23,66.3,13.2,2025-07-10,1030546
284,284,2025-07-11,80.0,90.8,71.6,1.122,73.5,15.3,2025-07-11,927438
285,285,2025-07-12,77.6,83.1,71.4,0.031,72.5,14.4,2025-07-12,752756
286,286,2025-07-13,76.7,81.9,69.4,0.0,59.4,10.5,2025-07-13,596593
287,287,2025-07-14,77.7,87.0,66.5,0.0,54.1,9.7,2025-07-14,928910
288,288,2025-07-15,82.3,91.5,72.5,0.0,59.0,13.0,2025-07-15,1018584
289,289,2025-07-16,80.7,91.4,73.9,0.235,73.9,16.6,2025-07-16,995098
290,290,2025-07-17,69.9,75.9,65.2,0.0,73.6,14.2,2025-07-17,1033378
291,291,2025-07-18,71.6,80.4,60.7,0.0,65.8,10.0,2025-07-18,1019793
292,292,2025-07-19,78.4,84.3,74.4,0.172,71.5,11.7,2025-07-19,749181
293,293,2025-07-20,73.3,76.8,70.3,0.034,77.0,13.3,2025-07-20,622152
294,294,2025-07-21,75.1,82.3,67.7,0.0,64.4,13.2,2025-07-21,940119
295,295,2025-07-22,79.4,87.3,72.1,0.0,58.1,11.8,2025-07-22,1061030
296,296,2025-07-23,84.1,93.0,73.6,0.0,60.6,16.5,2025-07-23,1037419
297,297,2025-07-24,82.9,94.1,75.8,0.245,73.2,19.7,2025-07-24,953011
298,298,2025-07-25,78.1,82.6,74.8,2.477,80.6,8.5,2025-07-25,918825
299,299,2025-07-26,78.2,83.9,73.8,0.108,78.4,10.0,2025-07-26,761417
300,300,2025-07-27,81.6,88.6,75.2,0.003,76.1,12.9,2025-07-27,605792
301,301,2025-07-28,83.8,92.4,78.9,0.007,70.2,24.1,2025-07-28,885631
302,302,2025-07-29,84.0,92.6,72.7,0.0,57.2,12.2,2025-07-29,1003729
303,303,2025-07-30,77.5,82.0,70.6,0.143,75.7,19.1,2025-07-30,1003815
304,304,2025-07-31,72.2,77.5,69.0,0.011,63.7,20.2,2025-07-31,1110087
305,305,2025-08-01,71.0,75.5,65.8,0.0,54.9,15.9,2025-08-01,1110978
306,306,2025-08-02,71.1,78.9,61.6,0.0,50.3,11.4,2025-08-02,895219
307,307,2025-08-03,72.6,79.1,64.2,0.0,55.8,13.9,2025-08-03,717388
308,308,2025-08-04,75.4,81.5,68.0,0.0,57.8,12.4,2025-08-04,985293
309,309,2025-08-05,76.3,82.9,68.2,0.0,61.4,13.0,2025-08-05,1058781
310,310,2025-08-06,78.5,87.5,69.3,0.0,62.6,10.9,2025-08-06,1056453
311,311,2025-08-07,83.1,90.0,75.1,0.0,60.5,12.0,2025-08-07,1035165
312,312,2025-08-08,84.5,92.0,75.5,0.0,62.4,17.6,2025-08-08,966158
313,313,2025-08-09,85.3,93.1,77.7,0.0,58.2,20.8,2025-08-09,767179
314,314,2025-08-10,84.1,89.7,78.7,0.012,62.8,17.5,2025-08-10,612405
315,315,2025-08-11,81.9,89.0,74.5,0.188,65.7,15.2,2025-08-11,920836
316,316,2025-08-12,77.1,86.1,73.6,0.193,80.8,12.2,2025-08-12,944116
317,317,2025-08-13,77.1,83.8,70.8,0.0,66.9,10.7,2025-08-13,1037956
318,318,2025-08-14,76.5,82.8,67.7,0.0,60.7,9.9,2025-08-14,1027755
319,319,2025-08-15,81.7,90.9,71.5,0.0,57.9,11.9,2025-08-15,1010171
320,320,2025-08-16,82.9,93.6,76.3,0.049,66.7,17.0,2025-08-16,789758
321,321,2025-08-17,76.3,82.3,71.0,1.197,79.0,32.6,2025-08-17,654776
322,322,2025-08-18,77.0,86.1,73.0,0.404,78.2,13.4,2025-08-18,926055
323,323,2025-08-19,75.4,78.0,72.9,0.055,80.9,12.8,2025-08-19,1081670
324,324,2025-08-20,72.7,76.6,69.3,0.0,72.4,18.8,2025-08-20,1102216
325,325,2025-08-21,72.1,76.5,66.0,0.0,71.5,16.2,2025-08-21,1110168
326,326,2025-08-22,74.0,80.8,66.4,0.0,68.3,9.2,2025-08-22,1012071
327,327,2025-08-23,75.0,83.8,69.0,0.0,60.0,17.5,2025-08-23,759772
328,328,2025-08-24,67.4,74.3,60.0,0.0,56.2,16.4,2025-08-24,600679
329,329,2025-08-25,63.6,69.8,56.5,0.0,56.2,12.5,2025-08-25,1016288
330,330,2025-08-26,65.1,73.9,54.9,0.0,52.6,14.7,2025-08-26,1111805
331,331,2025-08-27,67.0,75.3,56.1,0.0,57.0,12.1,2025-08-27,1126843
332,332,2025-08-28,68.3,76.2,62.4,0.36,71.5,13.7,2025-08-28,1162957
333,333,2025-08-29,64.8,69.7,56.9,0.0,62.5,10.8,2025-08-29,1106380
334,334,2025-08-30,67.3,73.1,63.7,0.0,60.0,10.4,2025-08-30,823224
335,335,2025-08-31,66.8,75.1,56.6,0.0,63.2,9.7,2025-08-31,703551
336,336,2025-09-01,68.8,75.8,59.8,0.0,59.8,9.7,2025-09-01,638632
337,337,2025-09-02,69.9,78.2,59.6,0.0,66.0,8.9,2025-09-02,1120849
338,338,2025-09-03,66.5,71.2,60.4,0.047,68.7,19.4,2025-09-03,1131052
339,339,2025-09-04,59.1,65.9,49.4,0.0,55.8,12.8,2025-09-04,1139832
340,340,2025-09-05,62.4,67.3,57.2,0.0,52.0,20.5,2025-09-05,1088392
341,341,2025-09-06,58.5,66.3,49.1,0.0,52.4,15.1,2025-09-06,795056
342,342,2025-09-07,58.8,68.6,48.0,0.0,56.0,9.7,2025-09-07,626339
343,343,2025-09-08,62.0,71.6,51.3,0.0,51.2,9.2,2025-09-08,1046923
344,344,2025-09-09,65.7,76.1,53.7,0.0,46.4,9.6,2025-09-09,1125529
345,345,2025-09-10,72.2,81.9,63.3,0.0,48.4,11.9,2025-09-10,1142181
346,346,2025-09-11,71.4,78.3,66.0,0.0,64.5,11.2,2025-09-11,1137553
347,347,2025-09-12,73.2,84.0,61.7,0.0,59.1,10.1,2025-09-12,1072555
348,348,2025-09-13,71.9,78.0,64.9,0.191,66.0,14.9,2025-09-13,713765
349,349,2025-09-14,74.0,82.4,66.8,0.0,69.3,11.6,2025-09-14,601665
350,350,2025-09-15,74.2,82.8,65.8,0.0,58.0,12.3,2025-09-15,1051597
351,351,2025-09-16,73.3,82.0,65.4,0.0,56.3,10.2,2025-09-16,1136955
352,352,2025-09-17,72.9,82.6,61.8,0.0,63.4,9.1,2025-09-17,1151955
353,353,2025-09-18,74.0,86.3,62.3,0.0,61.0,11.0,2025-09-18,1159134
354,354,2025-09-19,77.8,88.7,68.7,0.0,54.8,12.5,2025-09-19,1095995
355,355,2025-09-20,72.9,78.4,68.9,0.105,72.1,10.9,2025-09-20,769544
356,356,2025-09-21,73.3,82.3,67.5,0.07,71.9,11.8,2025-09-21,615493
357,357,2025-09-22,74.4,82.3,67.8,0.0,66.1,12.4,2025-09-22,1046065
358,358,2025-09-23,70.6,77.6,67.5,0.106,76.4,15.6,2025-09-23,1122056
359,359,2025-09-24,68.4,73.0,64.5,0.0,72.1,16.4,2025-09-24,1162061
360,360,2025-09-25,66.9,75.2,61.4,0.0,70.2,11.8,2025-09-25,1174382
361,361,2025-09-26,70.6,83.0,58.5,0.0,59.3,11.6,2025-09-26,1032934
362,362,2025-09-27,75.1,87.6,62.3,0.0,48.7,13.4,2025-09-27,786591
363,363,2025-09-28,71.7,79.6,63.3,0.0,57.4,10.4,2025-09-28,601677
364,364,2025-09-29,74.4,88.7,63.8,0.0,62.1,10.4,2025-09-29,1024117
365,365,2025-09-30,72.8,81.6,65.5,0.0,63.6,11.7,2025-09-30,1142832
366,366,2025-10-01,70.5,75.7,63.9,0.0,61.4,12.4,2025-10-01,1176777
367,367,2025-10-02,70.6,83.7,59.4,0.0,49.6,10.1,2025-10-02,1140580
368,368,2025-10-03,76.8,88.7,65.5,0.0,49.8,8.3,2025-10-03,1056801
369,369,2025-10-04,77.2,87.7,67.3,0.0,52.8,14.5,2025-10-04,757475
370,370,2025-10-05,75.5,84.5,65.1,0.0,44.8,19.6,2025-10-05,586492
371,371,2025-10-06,73.8,83.2,67.4,0.082,62.3,12.4,2025-10-06,1013130
372,372,2025-10-07,62.0,67.3,54.2,1.178,76.8,14.7,2025-10-07,1079755
373,373,2025-10-08,56.8,63.4,50.4,0.0,63.1,13.7,2025-10-08,1168817
374,374,2025-10-09,55.4,62.9,47.7,0.0,60.1,11.1,2025-10-09,1185412
375,375,2025-10-10,58.2,66.9,49.5,0.003,61.8,15.4,2025-10-10,1096878
376,376,2025-10-11,59.8,64.5,53.8,0.0,67.4,12.9,2025-10-11,825840
377,377,2025-10-12,59.2,68.2,49.8,0.0,68.8,10.7,2025-10-12,825926
378,378,2025-10-13,62.4,68.7,55.8,0.0,64.1,6.1,2025-10-13,892664
379,379,2025-10-14,63.0,68.0,59.2,0.0,76.8,14.4,2025-10-14,1137325
380,380,2025-10-15,58.9,62.4,56.0,0.168,79.4,12.8,2025-10-15,1105838
381,381,2025-10-16,61.5,67.2,56.3,0.0,60.8,11.3,2025-10-16,1142726
382,382,2025-10-17,64.9,73.9,56.7,0.0,51.9,16.0,2025-10-17,1043959
383,383,2025-10-18,67.7,73.5,62.0,0.375,76.8,12.0,2025-10-18,827892
384,384,2025-10-19,54.3,61.0,48.6,0.671,72.5,20.4,2025-10-19,555284
385,385,2025-10-20,54.0,65.0,40.5,0.0,52.9,21.5,2025-10-20,1024396
386,386,2025-10-21,49.8,55.7,46.7,0.053,73.5,20.2,2025-10-21,1082012
387,387,2025-10-22,47.9,49.9,46.1,0.0,63.5,19.1,2025-10-22,1082456
388,388,2025-10-23,45.6,53.7,38.8,0.0,62.0,14.6,2025-10-23,1098437
389,389,2025-10-24,43.7,52.9,34.8,0.0,65.3,9.1,2025-10-24,1002404
390,390,2025-10-25,47.1,54.7,38.0,0.0,67.2,9.0,2025-10-25,683877
391,391,2025-10-26,52.9,57.9,46.9,0.0,57.2,15.6,2025-10-26,540295
392,392,2025-10-27,52.0,56.4,46.2,0.0,60.3,15.3,2025-10-27,947431
393,393,2025-10-28,52.6,57.5,47.1,0.0,59.5,21.8,2025-10-28,1102616
394,394,2025-10-29,52.0,55.3,48.0,0.0,60.9,23.0,2025-10-29,1112291
395,395,2025-10-30,48.6,55.3,42.3,0.0,68.4,15.5,2025-10-30,1121353
396,396,2025-10-31,46.8,54.7,40.5,0.016,67.7,13.7,2025-10-31,1033896
